Chip name:,W25N2,Protocol name:,Rt_300mbar,Comments:,Rt300
Starting time:,4/4/2020 5:24:21 PM
Timestamp,Reservoir Pressure,Inlet Pressure,Outlet Pressure,Voltage,Current,T1,T2,Flow Rate,,
709041044.000000,224.072266,210.975387,49.909906,0.002800,0.003800,24.466218,24.396639,227.680000
709211312.000000,224.121094,210.835111,61.019699,7.072200,0.534000,27.313733,27.267860,219.040000
